fname,lname,DOB,age,instaID,instaURL,email,contactNo,password,Followers,likes,views,engagementRate,city,state,accepted
Cristiano,Ronaldo,13-6-01,21,cristiano,https://www.instagram.com/cristiano/,dominique_kessler@hotmail.com,9960930245,$2a$12$jmId.AHqWyaLcNq.CuCDqe232wMdDMoD8TIS5tF5bk3DdwfRerTea,"400,000,000.00","3,900,000.00","4,750,000.00",1.95,Mumbai,Maharashta,0
Virat,Kohli,11-2-01,22,virat.kohli,https://www.instagram.com/virat.kohli/,breana.romaguera84@yahoo.com,9960930245,$2a$12$jmId.AHqWyaLcNq.CuCDqe232wMdDMoD8TIS5tF5bk3DdwfRerTea,"183,000,000.00","1,050,000.00","1,200,000.00",1.15,Mumbai,Maharashta,0
Justin,Bieber,7-8-99,23,justinbieber,https://www.instagram.com/justinbieber/,gideon77@hotmail.com,9960930245,$2a$12$jmId.AHqWyaLcNq.CuCDqe232wMdDMoD8TIS5tF5bk3DdwfRerTea,"220,000,000.00","600,000.00","900,000.00",0.55,Mumbai,Maharashta,0
Dwayne,Johnson,11-2-01,22,therock,https://www.instagram.com/therock/,henri_wyman@gmail.com,9960930245,$2a$12$jmId.AHqWyaLcNq.CuCDqe232wMdDMoD8TIS5tF5bk3DdwfRerTea,"296,000,000.00","370,500.00","497,400.00",0.25,Mumbai,Maharashta,0
Zayn,Malik,11-2-01,22,zayn,https://www.instagram.com/zayn/,jaquelin_ullrich@yahoo.com,9960930245,$2a$12$jmId.AHqWyaLcNq.CuCDqe232wMdDMoD8TIS5tF5bk3DdwfRerTea,"44,500,000.00","1,900,000.00","3,000,000.00",8.54,Mumbai,Maharashta,0
Katrina,Kaif,2-4-97,25,katrinakaif,https://www.instagram.com/katrinakaif/,abbie71@gmail.com,9960930245,$2a$12$jmId.AHqWyaLcNq.CuCDqe232wMdDMoD8TIS5tF5bk3DdwfRerTea,"61,600,000.00","1,650,000.00","1,900,000.00",5.36,Pune,Maharashta,0
Anushka,Sharm,13-6-01,21,anushkasharma,https://www.instagram.com/anushkasharma/,emilio_schulist@hotmail.com,9960930245,$2a$12$jmId.AHqWyaLcNq.CuCDqe232wMdDMoD8TIS5tF5bk3DdwfRerTea,"56,900,000.00","1,100,000.00","1,200,000.00",3.87,Pune,Maharashta,0
Narendra,Modi,11-2-01,22,narendramodi,https://www.instagram.com/narendramodi/,jermain46@gmail.com,9960930245,$2a$12$jmId.AHqWyaLcNq.CuCDqe232wMdDMoD8TIS5tF5bk3DdwfRerTea,"65,300,000.00","900,000.00","1,000,000.00",2.76,Pune,Maharashta,0
Georgina,Rodríguez,7-8-99,23,georginagio,https://www.instagram.com/georginagio/,keshaun_leffler@gmail.com,9960930245,$2a$12$jmId.AHqWyaLcNq.CuCDqe232wMdDMoD8TIS5tF5bk3DdwfRerTea,"33,400,000.00","1,100,000.00","1,600,000.00",6.59,Pune,Maharashta,1
Akshay,Kumar,11-2-01,22,akshaykumar,https://www.instagram.com/akshaykumar/,fredy_bergstrom93@hotmail.com,9960930245,$2a$12$jmId.AHqWyaLcNq.CuCDqe232wMdDMoD8TIS5tF5bk3DdwfRerTea,"59,500,000.00","700,000.00","800,000.00",2.35,Pune,Maharashta,1
Chris,Hemsworth,11-2-01,22,chrishemsworth,https://www.instagram.com/chrishemsworth/,ryann.smith59@yahoo.com,9960930245,$2a$12$jmId.AHqWyaLcNq.CuCDqe232wMdDMoD8TIS5tF5bk3DdwfRerTea,"53,500,000.00","600,000.00","750,000.00",2.24,Nagpur,Maharashta,1
Olivia,Rodrigo,2-4-97,25,oliviarodrigo,https://www.instagram.com/oliviarodrigo/,fiona86@yahoo.com,9960930245,$2a$12$jmId.AHqWyaLcNq.CuCDqe232wMdDMoD8TIS5tF5bk3DdwfRerTea,"21,600,000.00","1,450,000.00","1,800,000.00",13.43,Nagpur,Maharashta,1
Rashmika,Mandanna,13-6-01,21,rashmika_mandanna,https://www.instagram.com/rashmika_mandanna/,rigoberto.hagenes69@gmail.com,9960930245,$2a$12$jmId.AHqWyaLcNq.CuCDqe232wMdDMoD8TIS5tF5bk3DdwfRerTea,"28,600,000.00","1,150,000.00","1,350,000.00",8.04,Nagpur,Maharashta,1
Priyanka,Chopra,11-2-01,22,priyankachopra,https://www.instagram.com/priyankachopra/,elaina.crona43@gmail.com,9960930245,$2a$12$jmId.AHqWyaLcNq.CuCDqe232wMdDMoD8TIS5tF5bk3DdwfRerTea,"74,000,000.00","408,850.00","498,500.00",1.11,Nagpur,Maharashta,1
Shraddha,Kapoor,7-8-99,23,shraddhakapoor,https://www.instagram.com/shraddhakapoor/,lessie19@yahoo.com,9960930245,$2a$12$jmId.AHqWyaLcNq.CuCDqe232wMdDMoD8TIS5tF5bk3DdwfRerTea,"68,900,000.00","398,650.00","460,750.00",1.16,Nagpur,Maharashta,1
David,Beckham,11-2-01,22,davidbeckham,https://www.instagram.com/davidbeckham/,evelyn.morissette39@gmail.com,9960930245,$2a$12$jmId.AHqWyaLcNq.CuCDqe232wMdDMoD8TIS5tF5bk3DdwfRerTea,"71,100,000.00","326,600.00","433,150.00",0.92,Nagpur,Maharashta,1
Alia,Bhat,11-2-01,22,aliaabhatt,https://www.instagram.com/aliaabhatt/,thomas_hartmann@hotmail.com,9960930245,$2a$12$jmId.AHqWyaLcNq.CuCDqe232wMdDMoD8TIS5tF5bk3DdwfRerTea,"58,900,000.00","390,900.00","485,450.00",1.33,Nagpur,Maharashta,1
Shahrukh,Khan,2-4-97,25,iamsrk,https://www.instagram.com/iamsrk/,itzel.cruickshank14@gmail.com,9960930245,$2a$12$jmId.AHqWyaLcNq.CuCDqe232wMdDMoD8TIS5tF5bk3DdwfRerTea,"28,000,000.00","800,000.00","1,000,000.00",5.71,Nagpur,Maharashta,1
Salman,Khan,13-6-01,21,beingsalmankhan,https://www.instagram.com/beingsalmankhan/,helen68@gmail.com,9960930245,$2a$12$jmId.AHqWyaLcNq.CuCDqe232wMdDMoD8TIS5tF5bk3DdwfRerTea,"49,500,000.00","409,150.00","500,000.00",1.65,Banglore,Karnataka,1
Nora,Fatehi,11-2-01,22,norafatehi,https://www.instagram.com/norafatehi/,zoe90@yahoo.com,9960930245,$2a$12$jmId.AHqWyaLcNq.CuCDqe232wMdDMoD8TIS5tF5bk3DdwfRerTea,"37,800,000.00","458,750.00","550,000.00",2.43,Banglore,Karnataka,1
Neha,Kakkar,7-8-99,23,nehakakkar,https://www.instagram.com/nehakakkar/,cielo.jaskolski@yahoo.com,9960930245,$2a$12$jmId.AHqWyaLcNq.CuCDqe232wMdDMoD8TIS5tF5bk3DdwfRerTea,"67,600,000.00","255,750.00","297,950.00",0.76,Banglore,Karnataka,1
Shakira,Shakira,11-2-01,22,shakira,https://www.instagram.com/shakira/,melvin.roob34@hotmail.com,9960930245,$2a$12$jmId.AHqWyaLcNq.CuCDqe232wMdDMoD8TIS5tF5bk3DdwfRerTea,"71,600,000.00","183,750.00","250,350.00",0.51,Banglore,Karnataka,1
Varun,Dhawan,11-2-01,22,varundvn,https://www.instagram.com/varundvn/,sonny_kozey53@yahoo.com,9960930245,$2a$12$jmId.AHqWyaLcNq.CuCDqe232wMdDMoD8TIS5tF5bk3DdwfRerTea,"39,900,000.00","353,250.00","431,200.00",1.77,Banglore,Karnataka,1
Sara,Khan,2-4-97,25,saraalikhan95,https://www.instagram.com/saraalikhan95/,shayna.swift20@gmail.com,9960930245,$2a$12$jmId.AHqWyaLcNq.CuCDqe232wMdDMoD8TIS5tF5bk3DdwfRerTea,"39,300,000.00","349,950.00","426,000.00",1.78,Delhi,Delhi,1
Jannat,Rahmani,13-6-01,21,jannatzubair29,https://www.instagram.com/jannatzubair29/,katlyn_rice@gmail.com,9960930245,$2a$12$jmId.AHqWyaLcNq.CuCDqe232wMdDMoD8TIS5tF5bk3DdwfRerTea,"40,000,000.00","341,400.00","416,800.00",1.71,Delhi,Delhi,1
Deepika,Padukone,11-2-01,22,deepikapadukone,https://www.instagram.com/deepikapadukone/,myriam_bednar8@gmail.com,9960930245,$2a$12$jmId.AHqWyaLcNq.CuCDqe232wMdDMoD8TIS5tF5bk3DdwfRerTea,"64,200,000.00","197,250.00","258,150.00",0.61,Delhi,Delhi,1
Allu,Arjun,7-8-99,23,alluarjunonline,https://www.instagram.com/alluarjunonline/,josie_rippin@hotmail.com,9960930245,$2a$12$jmId.AHqWyaLcNq.CuCDqe232wMdDMoD8TIS5tF5bk3DdwfRerTea,"16,400,000.00","800,000.00","1,000,000.00",9.76,Delhi,Delhi,1
Hrithik,Roshan,11-2-01,22,hrithikroshan,https://www.instagram.com/hrithikroshan/,clementina20@gmail.com,9960930245,$2a$12$jmId.AHqWyaLcNq.CuCDqe232wMdDMoD8TIS5tF5bk3DdwfRerTea,"41,300,000.00","300,900.00","380,800.00",1.46,Delhi,Delhi,1
Rohit,Sharma,11-2-01,22,rohitsharma45,https://www.instagram.com/rohitsharma45/,kathryne43@hotmail.com,9960930245,$2a$12$jmId.AHqWyaLcNq.CuCDqe232wMdDMoD8TIS5tF5bk3DdwfRerTea,"22,500,000.00","550,000.00","650,000.00",4.89,Delhi,Delhi,1
KARTIK,AARYAN,2-4-97,25,kartikaaryan,https://www.instagram.com/kartikaaryan/,eudora45@gmail.com,9960930245,$2a$12$jmId.AHqWyaLcNq.CuCDqe232wMdDMoD8TIS5tF5bk3DdwfRerTea,"23,400,000.00","430,300.00","550,000.00",3.68,Delhi,Delhi,1
Kriti,Sanon,13-6-01,21,kritisanon,https://www.instagram.com/kritisanon/,arnold81@gmail.com,9960930245,$2a$12$jmId.AHqWyaLcNq.CuCDqe232wMdDMoD8TIS5tF5bk3DdwfRerTea,"45,900,000.00","228,800.00","267,150.00",1.00,Lucknow,Uttarpradesh,1
Shahid,Kapoor,11-2-01,22,shahidkapoor,https://www.instagram.com/shahidkapoor/,ebba_white83@gmail.com,9960930245,$2a$12$jmId.AHqWyaLcNq.CuCDqe232wMdDMoD8TIS5tF5bk3DdwfRerTea,"33,100,000.00","322,100.00","365,600.00",1.95,Lucknow,Uttarpradesh,1
Disha,Patani,7-8-99,23,dishapatani,https://www.instagram.com/dishapatani/,sadye_rodriguez8@yahoo.com,9960930245,$2a$12$jmId.AHqWyaLcNq.CuCDqe232wMdDMoD8TIS5tF5bk3DdwfRerTea,"48,500,000.00","201,400.00","247,950.00",0.83,Lucknow,Uttarpradesh,1
Vijay,Deverakonda,11-2-01,22,thedeverakonda,https://www.instagram.com/thedeverakonda/,vladimir_bruen43@hotmail.com,9960930245,$2a$12$jmId.AHqWyaLcNq.CuCDqe232wMdDMoD8TIS5tF5bk3DdwfRerTea,"14,600,000.00","650,000.00","800,000.00",8.90,Lucknow,Uttarpradesh,1
Ajey,Nagar,11-2-01,22,carryminati,https://www.instagram.com/carryminati/,kianna_muller36@gmail.com,9960930245,$2a$12$jmId.AHqWyaLcNq.CuCDqe232wMdDMoD8TIS5tF5bk3DdwfRerTea,"14,500,000.00","650,000.00","750,000.00",8.97,Surat,Gujrat,1
Johnny,Depp,2-4-97,25,johnnydepp,https://www.instagram.com/johnnydepp/,lee.dietrich18@yahoo.com,9960930245,$2a$12$jmId.AHqWyaLcNq.CuCDqe232wMdDMoD8TIS5tF5bk3DdwfRerTea,"11,700,000.00","700,000.00","900,000.00",11.97,Surat,Gujrat,1
Kiara,Advani,13-6-01,21,kiaraaliaadvani,https://www.instagram.com/kiaraaliaadvani/,ervin34@hotmail.com,9960930245,$2a$12$jmId.AHqWyaLcNq.CuCDqe232wMdDMoD8TIS5tF5bk3DdwfRerTea,"21,700,000.00","419,350.00","476,150.00",3.86,Surat,Gujrat,1
Jacqueline,Fernandez,11-2-01,22,jacquelinef143,https://www.instagram.com/jacquelinef143/,tyree_bosco0@yahoo.com,9960930245,$2a$12$jmId.AHqWyaLcNq.CuCDqe232wMdDMoD8TIS5tF5bk3DdwfRerTea,"57,900,000.00","140,500.00","170,700.00",0.49,Surat,Gujrat,1
Hardik,Pandya,7-8-99,23,hardikpandya93,https://www.instagram.com/hardikpandya93/,mathilde.olson@yahoo.com,9960930245,$2a$12$jmId.AHqWyaLcNq.CuCDqe232wMdDMoD8TIS5tF5bk3DdwfRerTea,"20,200,000.00","385,850.00","483,800.00",3.82,Surat,Gujrat,1
Sunny,Leone,11-2-01,22,sunnyleone,https://www.instagram.com/sunnyleone/,tremayne35@hotmail.com,9960930245,$2a$12$jmId.AHqWyaLcNq.CuCDqe232wMdDMoD8TIS5tF5bk3DdwfRerTea,"50,500,000.00","127,300.00","172,350.00",0.50,Surat,Gujrat,1
Bhuvan,Bam,11-2-01,22,bhuvan.bam22,https://www.instagram.com/bhuvan.bam22/,russell56@gmail.com,9960930245,$2a$12$jmId.AHqWyaLcNq.CuCDqe232wMdDMoD8TIS5tF5bk3DdwfRerTea,"14,100,000.00","490,850.00","600,000.00",6.96,Kolkatta,West Bengal,1
Anushka,Sen,2-4-97,25,anushkasen0408,https://www.instagram.com/anushkasen0408/,cullen.feest36@yahoo.com,9960930245,$2a$12$jmId.AHqWyaLcNq.CuCDqe232wMdDMoD8TIS5tF5bk3DdwfRerTea,"32,200,000.00","227,050.00","265,550.00",1.41,Kolkatta,West Bengal,1
Rohit,Zinjurke,13-6-01,21,rohittt_09_,https://www.instagram.com/rohittt_09_/,maxie23@hotmail.com,9960930245,$2a$12$jmId.AHqWyaLcNq.CuCDqe232wMdDMoD8TIS5tF5bk3DdwfRerTea,"19,600,000.00","301,650.00","426,150.00",3.08,Kolkatta,West Bengal,1
Ashish,Chanchlani,11-2-01,22,ashishchanchlani,https://www.instagram.com/ashishchanchlani/,monserrate.rath@yahoo.com,9960930245,$2a$12$jmId.AHqWyaLcNq.CuCDqe232wMdDMoD8TIS5tF5bk3DdwfRerTea,"12,500,000.00","550,000.00","650,000.00",8.80,Kolkatta,West Bengal,1
Pooja,Hegde,7-8-99,23,hegdepooja,https://www.instagram.com/hegdepooja/,kian.becker87@hotmail.com,9960930245,$2a$12$jmId.AHqWyaLcNq.CuCDqe232wMdDMoD8TIS5tF5bk3DdwfRerTea,"17,400,000.00","397,900.00","458,700.00",4.57,Kolkatta,West Bengal,1
Vicky,Kaushal,11-2-01,22,vickykaushal09,https://www.instagram.com/vickykaushal09/,roscoe.cruickshank@hotmail.com,9960930245,$2a$12$jmId.AHqWyaLcNq.CuCDqe232wMdDMoD8TIS5tF5bk3DdwfRerTea,"12,800,000.00","500,000.00","600,000.00",7.81,Kolkatta,West Bengal,1
Tiger,Shroff,11-2-01,22,tigerjackieshroff,https://www.instagram.com/tigerjackieshroff/,nico_huel@hotmail.com,9960930245,$2a$12$jmId.AHqWyaLcNq.CuCDqe232wMdDMoD8TIS5tF5bk3DdwfRerTea,"33,400,000.00","187,100.00","228,150.00",1.12,Kolkatta,West Bengal,1
Avneet,Kaur,2-4-97,25,avneetkaur_13,https://www.instagram.com/avneetkaur_13/,lia_vandervort@yahoo.com,9960930245,$2a$12$jmId.AHqWyaLcNq.CuCDqe232wMdDMoD8TIS5tF5bk3DdwfRerTea,"28,800,000.00","215,050.00","262,500.00",1.49,Kolkatta,West Bengal,1
Emilia,Clarke,13-6-01,21,emilia_clarke,https://www.instagram.com/emilia_clarke/,orlando37@gmail.com,9960930245,$2a$12$jmId.AHqWyaLcNq.CuCDqe232wMdDMoD8TIS5tF5bk3DdwfRerTea,"27,100,000.00","213,600.00","269,350.00",1.58,Kolkatta,West Bengal,1
Shehnaaz,Gill,11-2-01,22,shehnaazgill,https://www.instagram.com/shehnaazgill/,marta.sauer@yahoo.com,9960930245,$2a$12$jmId.AHqWyaLcNq.CuCDqe232wMdDMoD8TIS5tF5bk3DdwfRerTea,"11,100,000.00","550,000.00","700,000.00",9.91,Udaipur,Rajasthan,1
Sidharth,Malhotra,7-8-99,23,sidmalhotra,https://www.instagram.com/sidmalhotra/,elroy.price@hotmail.com,9960930245,$2a$12$jmId.AHqWyaLcNq.CuCDqe232wMdDMoD8TIS5tF5bk3DdwfRerTea,"18,200,000.00","318,000.00","396,000.00",3.49,Udaipur,Rajasthan,1
Janhvi,Kapoor,11-2-01,22,janhvikapoor,https://www.instagram.com/janhvikapoor/,erwin_goyette35@gmail.com,9960930245,$2a$12$jmId.AHqWyaLcNq.CuCDqe232wMdDMoD8TIS5tF5bk3DdwfRerTea,"15,400,000.00","388,800.00","463,850.00",5.05,Udaipur,Rajasthan,1
marshmello,marshmello,11-2-01,22,marshmellomusic,https://www.instagram.com/marshmellomusic/,melba27@yahoo.com,9960930245,$2a$12$jmId.AHqWyaLcNq.CuCDqe232wMdDMoD8TIS5tF5bk3DdwfRerTea,"29,300,000.00","195,650.00","230,900.00",1.34,Udaipur,Rajasthan,1
Urvashi,Rautela,2-4-97,25,urvashirautela,https://www.instagram.com/urvashirautela/,tanya.larkin@hotmail.com,9960930245,$2a$12$jmId.AHqWyaLcNq.CuCDqe232wMdDMoD8TIS5tF5bk3DdwfRerTea,"45,500,000.00","125,750.00","148,200.00",0.55,Udaipur,Rajasthan,1
Kajal,Aggarwal,13-6-01,21,kajalaggarwalofficial,https://www.instagram.com/kajalaggarwalofficial/,wanda.flatley28@gmail.com,9960930245,$2a$12$jmId.AHqWyaLcNq.CuCDqe232wMdDMoD8TIS5tF5bk3DdwfRerTea,"20,800,000.00","263,100.00","317,900.00",2.53,Udaipur,Rajasthan,1
Sachin,Tendulkar,11-2-01,22,sachintendulkar,https://www.instagram.com/sachintendulkar/,albertha37@yahoo.com,9960930245,$2a$12$jmId.AHqWyaLcNq.CuCDqe232wMdDMoD8TIS5tF5bk3DdwfRerTea,"32,900,000.00","166,400.00","199,050.00",1.01,Udaipur,Rajasthan,1
Marvel,Studios,7-8-99,23,marvelstudios,https://www.instagram.com/marvelstudios/,javier_schmidt81@gmail.com,9960930245,$2a$12$jmId.AHqWyaLcNq.CuCDqe232wMdDMoD8TIS5tF5bk3DdwfRerTea,"35,500,000.00","157,000.00","175,450.00",0.88,Udaipur,Rajasthan,1
Kapil,Sharma,11-2-01,22,kapilsharma,https://www.instagram.com/kapilsharma/,marcelle.morissette33@gmail.com,9960930245,$2a$12$jmId.AHqWyaLcNq.CuCDqe232wMdDMoD8TIS5tF5bk3DdwfRerTea,"38,500,000.00","137,000.00","156,150.00",0.71,Udaipur,Rajasthan,1
Riyaz,Aly,11-2-01,22,riyaz.14,https://www.instagram.com/riyaz.14/,zion22@gmail.com,9960930245,$2a$12$jmId.AHqWyaLcNq.CuCDqe232wMdDMoD8TIS5tF5bk3DdwfRerTea,"24,900,000.00","158,400.00","206,400.00",1.27,Udaipur,Rajasthan,1
KL,Rahul,2-4-97,25,rahulkl,https://www.instagram.com/rahulkl/,ava.davis51@hotmail.com,9960930245,$2a$12$jmId.AHqWyaLcNq.CuCDqe232wMdDMoD8TIS5tF5bk3DdwfRerTea,"11,600,000.00","353,750.00","412,500.00",6.10,Patna,Bihar,1
Awez,Darbar,13-6-01,21,awez_darbar,https://www.instagram.com/awez_darbar/,margarita28@gmail.com,9960930245,$2a$12$jmId.AHqWyaLcNq.CuCDqe232wMdDMoD8TIS5tF5bk3DdwfRerTea,"15,400,000.00","257,750.00","309,700.00",3.35,Patna,Bihar,1
Amitabh,Bachchan,11-2-01,22,amitabhbachchan,https://www.instagram.com/amitabhbachchan/,karley24@gmail.com,9960930245,$2a$12$jmId.AHqWyaLcNq.CuCDqe232wMdDMoD8TIS5tF5bk3DdwfRerTea,"29,800,000.00","138,250.00","159,350.00",0.93,Patna,Bihar,1
alexandra,daddario,7-8-99,23,alexandradaddario,https://www.instagram.com/alexandradaddario/,jazmyne18@gmail.com,9960930245,$2a$12$jmId.AHqWyaLcNq.CuCDqe232wMdDMoD8TIS5tF5bk3DdwfRerTea,"21,500,000.00","172,500.00","210,550.00",1.60,Patna,Bihar,1
Lamborghini,,11-2-01,22,lamborghini,https://www.instagram.com/lamborghini/,jaime69@hotmail.com,9960930245,$2a$12$jmId.AHqWyaLcNq.CuCDqe232wMdDMoD8TIS5tF5bk3DdwfRerTea,"31,500,000.00","104,000.00","143,450.00",0.66,Patna,Bihar,1
Parineeti,Chopra,11-2-01,22,parineetichopra,https://www.instagram.com/parineetichopra/,jevon.mante74@yahoo.com,9960930245,$2a$12$jmId.AHqWyaLcNq.CuCDqe232wMdDMoD8TIS5tF5bk3DdwfRerTea,"34,700,000.00","112,950.00","129,800.00",0.65,Patna,Bihar,1
Lea,Elui,2-4-97,25,leaelui,https://www.instagram.com/leaelui/,keagan72@yahoo.com,9960930245,$2a$12$jmId.AHqWyaLcNq.CuCDqe232wMdDMoD8TIS5tF5bk3DdwfRerTea,"11,800,000.00","216,050.00","362,700.00",3.66,Patna,Bihar,1
Faisal,Shaikh,13-6-01,21,mr_faisu_07,https://www.instagram.com/mr_faisu_07/,wilfred_schultz@hotmail.com,9960930245,$2a$12$jmId.AHqWyaLcNq.CuCDqe232wMdDMoD8TIS5tF5bk3DdwfRerTea,"26,100,000.00","125,600.00","160,100.00",0.96,Patna,Bihar,1
Anupama,Parameswaran,11-2-01,22,anupamaparameswaran96,https://www.instagram.com/anupamaparameswaran96/,gladys2@gmail.com,9960930245,$2a$12$jmId.AHqWyaLcNq.CuCDqe232wMdDMoD8TIS5tF5bk3DdwfRerTea,"10,900,000.00","318,900.00","364,700.00",5.85,Jaipur,Rajasthan,1
Dulquer,Salmaan,7-8-99,23,dqsalmaan,https://www.instagram.com/dqsalmaan/,sylvia_robel69@yahoo.com,9960930245,$2a$12$jmId.AHqWyaLcNq.CuCDqe232wMdDMoD8TIS5tF5bk3DdwfRerTea,"9,900,000.00","293,350.00","397,150.00",5.93,Jaipur,Rajasthan,1
SayyedArishfa,Khan,11-2-01,22,arishfakhan138,https://www.instagram.com/arishfakhan138/,camden51@yahoo.com,9960930245,$2a$12$jmId.AHqWyaLcNq.CuCDqe232wMdDMoD8TIS5tF5bk3DdwfRerTea,"26,900,000.00","113,950.00","138,950.00",0.85,Jaipur,Rajasthan,1
Juventus,Juventus,11-2-01,22,juventus,https://www.instagram.com/juventus/,stephon89@yahoo.com,9960930245,$2a$12$jmId.AHqWyaLcNq.CuCDqe232wMdDMoD8TIS5tF5bk3DdwfRerTea,"52,300,000.00","48,550.00","69,350.00",0.19,Jaipur,Rajasthan,1
Ranveer,Singh,2-4-97,25,ranveersingh,https://www.instagram.com/ranveersingh/,maryse.quitzon2@yahoo.com,9960930245,$2a$12$jmId.AHqWyaLcNq.CuCDqe232wMdDMoD8TIS5tF5bk3DdwfRerTea,"38,400,000.00","72,350.00","93,350.00",0.38,Jaipur,Rajasthan,1
Sonu,Sood,13-6-01,21,sonu_sood,https://www.instagram.com/sonu_sood/,trycia.bechtelar@hotmail.com,9960930245,$2a$12$jmId.AHqWyaLcNq.CuCDqe232wMdDMoD8TIS5tF5bk3DdwfRerTea,"14,100,000.00","219,400.00","250,900.00",3.11,Jaipur,Rajasthan,1
Ileana,D'Cruz,11-2-01,22,ileana_official,https://www.instagram.com/ileana_official/,charlie_leffler35@hotmail.com,9960930245,$2a$12$jmId.AHqWyaLcNq.CuCDqe232wMdDMoD8TIS5tF5bk3DdwfRerTea,"13,900,000.00","208,100.00","252,850.00",2.99,Jaipur,Rajasthan,1
Keerthy,Suresh,7-8-99,23,keerthysureshofficial,https://www.instagram.com/keerthysureshofficial/,alvena35@yahoo.com,9960930245,$2a$12$jmId.AHqWyaLcNq.CuCDqe232wMdDMoD8TIS5tF5bk3DdwfRerTea,"11,600,000.00","258,350.00","295,600.00",4.45,Jaipur,Rajasthan,1
Guru,Randhawa,11-2-01,22,gururandhawa,https://www.instagram.com/gururandhawa/,jayme.ankunding@hotmail.com,9960930245,$2a$12$jmId.AHqWyaLcNq.CuCDqe232wMdDMoD8TIS5tF5bk3DdwfRerTea,"30,700,000.00","89,250.00","109,950.00",0.58,Jaipur,Rajasthan,1
Hina,Khan,11-2-01,22,realhinakhan,https://www.instagram.com/realhinakhan/,wallace.kuhic@gmail.com,9960930245,$2a$12$jmId.AHqWyaLcNq.CuCDqe232wMdDMoD8TIS5tF5bk3DdwfRerTea,"16,200,000.00","165,550.00","203,450.00",2.04,Kochi,Kerla,1
Ananya,Panday,2-4-97,25,ananyapanday,https://www.instagram.com/ananyapanday/,alford_hoppe53@hotmail.com,9960930245,$2a$12$jmId.AHqWyaLcNq.CuCDqe232wMdDMoD8TIS5tF5bk3DdwfRerTea,"21,200,000.00","132,800.00","155,300.00",1.25,Kochi,Kerla,1
Yash,Yash,13-6-01,21,thenameisyash,https://www.instagram.com/thenameisyash/,maiya_abshire@gmail.com,9960930245,$2a$12$jmId.AHqWyaLcNq.CuCDqe232wMdDMoD8TIS5tF5bk3DdwfRerTea,"5,700,000.00","494,800.00","600,000.00",17.36,Kochi,Kerla,1
Rakul,Singh,11-2-01,22,rakulpreet,https://www.instagram.com/rakulpreet/,murl.paucek@yahoo.com,9960930245,$2a$12$jmId.AHqWyaLcNq.CuCDqe232wMdDMoD8TIS5tF5bk3DdwfRerTea,"18,400,000.00","147,700.00","173,600.00",1.61,Kochi,Kerla,1
Darshan,Raval,7-8-99,23,darshanravaldz,https://www.instagram.com/darshanravaldz/,curt_miller96@gmail.com,9960930245,$2a$12$jmId.AHqWyaLcNq.CuCDqe232wMdDMoD8TIS5tF5bk3DdwfRerTea,"14,500,000.00","179,250.00","216,650.00",2.47,Kochi,Kerla,1
Ratan,Tata,11-2-01,22,ratantata,https://www.instagram.com/ratantata/,peggie_rohan@hotmail.com,9960930245,$2a$12$jmId.AHqWyaLcNq.CuCDqe232wMdDMoD8TIS5tF5bk3DdwfRerTea,"5,600,000.00","458,250.00","550,000.00",16.37,Kochi,Kerla,1
Madhuri,Dixit,11-2-01,22,madhuridixitnene,https://www.instagram.com/madhuridixitnene/,broderick34@gmail.com,9960930245,$2a$12$jmId.AHqWyaLcNq.CuCDqe232wMdDMoD8TIS5tF5bk3DdwfRerTea,"29,500,000.00","87,050.00","101,200.00",0.59,Kochi,Kerla,1
Shreya,Ghoshal,2-4-97,25,shreyaghoshal,https://www.instagram.com/shreyaghoshal/,yasmine_schinner72@gmail.com,9960930245,$2a$12$jmId.AHqWyaLcNq.CuCDqe232wMdDMoD8TIS5tF5bk3DdwfRerTea,"23,400,000.00","108,450.00","120,550.00",0.93,Kochi,Kerla,1
Angel,Rai,13-6-01,21,angelrai07,https://www.instagram.com/angelrai07/,jammie_ferry92@yahoo.com,9960930245,$2a$12$jmId.AHqWyaLcNq.CuCDqe232wMdDMoD8TIS5tF5bk3DdwfRerTea,"11,000,000.00","211,600.00","255,050.00",3.85,Kochi,Kerla,1
Paul,Walker,11-2-01,22,paulwalker,https://www.instagram.com/paulwalker/,dayna_wolf@yahoo.com,9960930245,$2a$12$jmId.AHqWyaLcNq.CuCDqe232wMdDMoD8TIS5tF5bk3DdwfRerTea,"14,400,000.00","133,000.00","182,000.00",1.85,Kochi,Kerla,1
Austin,McBroom,7-8-99,23,austinmcbroom,https://www.instagram.com/austinmcbroom/,alia13@gmail.com,9960930245,$2a$12$jmId.AHqWyaLcNq.CuCDqe232wMdDMoD8TIS5tF5bk3DdwfRerTea,"6,500,000.00","290,200.00","408,600.00",8.93,Kochi,Kerla,1
Wiz,Khalifa,11-2-01,22,wizkhalifa,https://www.instagram.com/wizkhalifa/,taurean_lueilwitz44@hotmail.com,9960930245,$2a$12$jmId.AHqWyaLcNq.CuCDqe232wMdDMoD8TIS5tF5bk3DdwfRerTea,"35,100,000.00","51,550.00","72,700.00",0.29,Chennai,Tamilnadu,1
Tamannaah,Bhatia,11-2-01,22,tamannaahspeaks,https://www.instagram.com/tamannaahspeaks/,peggie_nader86@yahoo.com,9960930245,$2a$12$jmId.AHqWyaLcNq.CuCDqe232wMdDMoD8TIS5tF5bk3DdwfRerTea,"15,500,000.00","135,050.00","157,350.00",1.74,Chennai,Tamilnadu,1
Sai,Pallavi,2-4-97,25,saipallavi.senthamarai,https://www.instagram.com/saipallavi.senthamarai/,eino89@yahoo.com,9960930245,$2a$12$jmId.AHqWyaLcNq.CuCDqe232wMdDMoD8TIS5tF5bk3DdwfRerTea,"5,200,000.00","407,800.00","467,500.00",15.68,Chennai,Tamilnadu,1
Mahesh,Babu,13-6-01,21,urstrulymahesh,https://www.instagram.com/urstrulymahesh/,marty24@hotmail.com,9960930245,$2a$12$jmId.AHqWyaLcNq.CuCDqe232wMdDMoD8TIS5tF5bk3DdwfRerTea,"7,800,000.00","275,000.00","302,950.00",7.05,Chennai,Tamilnadu,1
Prabhas,Prabhas,11-2-01,22,actorprabhas,https://www.instagram.com/actorprabhas/,allan74@yahoo.com,9960930245,$2a$12$jmId.AHqWyaLcNq.CuCDqe232wMdDMoD8TIS5tF5bk3DdwfRerTea,"7,800,000.00","257,450.00","288,350.00",6.60,Chennai,Tamilnadu,1
Genelia,Deshmukh,7-8-99,23,geneliad,https://www.instagram.com/geneliad/,chad.kirlin26@hotmail.com,9960930245,$2a$12$jmId.AHqWyaLcNq.CuCDqe232wMdDMoD8TIS5tF5bk3DdwfRerTea,"9,200,000.00","195,800.00","242,700.00",4.26,Chennai,Tamilnadu,1
Dean,Schneider,11-2-01,22,dean.schneider,https://www.instagram.com/dean.schneider/,loyce40@yahoo.com,9960930245,$2a$12$jmId.AHqWyaLcNq.CuCDqe232wMdDMoD8TIS5tF5bk3DdwfRerTea,"10,000,000.00","171,900.00","220,100.00",3.44,Chennai,Tamilnadu,1
Suresh,Raina,11-2-01,22,sureshraina3,https://www.instagram.com/sureshraina3/,burley.jenkins@hotmail.com,9960930245,$2a$12$jmId.AHqWyaLcNq.CuCDqe232wMdDMoD8TIS5tF5bk3DdwfRerTea,"18,600,000.00","103,050.00","116,500.00",1.11,Chennai,Tamilnadu,1
Anjali,Arora,2-4-97,25,anjimaxuofficially,https://www.instagram.com/anjimaxuofficially/,alford.price@yahoo.com,9960930245,$2a$12$jmId.AHqWyaLcNq.CuCDqe232wMdDMoD8TIS5tF5bk3DdwfRerTea,"10,400,000.00","163,300.00","208,300.00",3.14,Chennai,Tamilnadu,1
Riteish,Deshmukh,13-6-01,21,riteishd,https://www.instagram.com/riteishd/,joe41@gmail.com,9960930245,$2a$12$jmId.AHqWyaLcNq.CuCDqe232wMdDMoD8TIS5tF5bk3DdwfRerTea,"13,300,000.00","136,750.00","159,700.00",2.06,Chennai,Tamilnadu,1
jasprit,bumrah,11-2-01,22,jaspritb1,https://www.instagram.com/jaspritb1/,lula27@hotmail.com,9960930245,$2a$12$jmId.AHqWyaLcNq.CuCDqe232wMdDMoD8TIS5tF5bk3DdwfRerTea,"9,400,000.00","194,500.00","223,550.00",4.14,Chennai,Tamilnadu,1
David,Warner,7-8-99,23,davidwarner31,https://www.instagram.com/davidwarner31/,noble_smith89@hotmail.com,9960930245,$2a$12$jmId.AHqWyaLcNq.CuCDqe232wMdDMoD8TIS5tF5bk3DdwfRerTea,"8,500,000.00","208,650.00","245,300.00",4.91,Panji,Goa,1
Shikhar,Dhawan,11-2-01,22,shikhardofficial,https://www.instagram.com/shikhardofficial/,enrique52@hotmail.com,9960930245,$2a$12$jmId.AHqWyaLcNq.CuCDqe232wMdDMoD8TIS5tF5bk3DdwfRerTea,"10,300,000.00","167,000.00","191,000.00",3.24,Panji,Goa,1
Tom,Cruise,11-2-01,22,tomcruise,https://www.instagram.com/tomcruise/,brandi.lynch88@hotmail.com,9960930245,$2a$12$jmId.AHqWyaLcNq.CuCDqe232wMdDMoD8TIS5tF5bk3DdwfRerTea,"6,100,000.00","229,800.00","319,250.00",7.53,Panji,Goa,1
Nidhhi,Agerwal,2-4-97,25,nidhhiagerwal,https://www.instagram.com/nidhhiagerwal/,jena_purdy@gmail.com,9960930245,$2a$12$jmId.AHqWyaLcNq.CuCDqe232wMdDMoD8TIS5tF5bk3DdwfRerTea,"18,400,000.00","85,450.00","102,200.00",0.93,Panji,Goa,1
Courteney,Cox,13-6-01,21,courteneycoxofficial,https://www.instagram.com/courteneycoxofficial/,edmund.metz32@yahoo.com,9960930245,$2a$12$jmId.AHqWyaLcNq.CuCDqe232wMdDMoD8TIS5tF5bk3DdwfRerTea,"12,000,000.00","116,800.00","154,300.00",1.95,Panji,Goa,1
DILJIT,DOSANJH,11-2-01,22,diljitdosanjh,https://www.instagram.com/diljitdosanjh/,lora.berge@hotmail.com,9960930245,$2a$12$jmId.AHqWyaLcNq.CuCDqe232wMdDMoD8TIS5tF5bk3DdwfRerTea,"12,600,000.00","121,000.00","145,500.00",1.92,Panji,Goa,1
Álvaro,Morte,7-8-99,23,alvaromorte,https://www.instagram.com/alvaromorte/,janiya_luettgen18@gmail.com,9960930245,$2a$12$jmId.AHqWyaLcNq.CuCDqe232wMdDMoD8TIS5tF5bk3DdwfRerTea,"12,500,000.00","106,350.00","145,600.00",1.70,Panji,Goa,1
Shilpa,Shetty,11-2-01,22,theshilpashetty,https://www.instagram.com/theshilpashetty/,judson.waelchi@hotmail.com,9960930245,$2a$12$jmId.AHqWyaLcNq.CuCDqe232wMdDMoD8TIS5tF5bk3DdwfRerTea,"24,200,000.00","64,650.00","74,900.00",0.53,Panji,Goa,1
Aishwarya,Rai,11-2-01,22,aishwaryaraibachchan_arb,https://www.instagram.com/aishwaryaraibachchan_arb/,corrine5@yahoo.com,9960930245,$2a$12$jmId.AHqWyaLcNq.CuCDqe232wMdDMoD8TIS5tF5bk3DdwfRerTea,"9,900,000.00","140,750.00","179,500.00",2.84,Panji,Goa,1
Nita,Shilimkar,2-4-97,25,nita_shilimkar,https://www.instagram.com/nita_shilimkar/,deangelo_grimes29@hotmail.com,9960930245,$2a$12$jmId.AHqWyaLcNq.CuCDqe232wMdDMoD8TIS5tF5bk3DdwfRerTea,"9,500,000.00","140,050.00","185,350.00",2.95,Indore,Madhya Pradesh,1
Kajol,Devgan,13-6-01,21,kajol,https://www.instagram.com/kajol/,emerson32@yahoo.com,9960930245,$2a$12$jmId.AHqWyaLcNq.CuCDqe232wMdDMoD8TIS5tF5bk3DdwfRerTea,"12,100,000.00","111,950.00","138,600.00",1.85,Indore,Madhya Pradesh,1
Sonam,Kapoor,11-2-01,22,sonamkapoor,https://www.instagram.com/sonamkapoor/,sebastian.satterfield@gmail.com,9960930245,$2a$12$jmId.AHqWyaLcNq.CuCDqe232wMdDMoD8TIS5tF5bk3DdwfRerTea,"31,700,000.00","42,950.00","51,400.00",0.27,Indore,Madhya Pradesh,1
Yuvraj,Singh,7-8-99,23,yuvisofficial,https://www.instagram.com/yuvisofficial/,jermaine.kozey20@hotmail.com,9960930245,$2a$12$jmId.AHqWyaLcNq.CuCDqe232wMdDMoD8TIS5tF5bk3DdwfRerTea,"13,000,000.00","104,600.00","124,900.00",1.61,Indore,Madhya Pradesh,1
Francia,James,11-2-01,22,francety,https://www.instagram.com/francety/,jimmy95@yahoo.com,9960930245,$2a$12$jmId.AHqWyaLcNq.CuCDqe232wMdDMoD8TIS5tF5bk3DdwfRerTea,"10,000,000.00","122,050.00","159,750.00",2.44,Indore,Madhya Pradesh,1
Yami,Gautam,11-2-01,22,yamigautam,https://www.instagram.com/yamigautam/,kade_yundt@gmail.com,9960930245,$2a$12$jmId.AHqWyaLcNq.CuCDqe232wMdDMoD8TIS5tF5bk3DdwfRerTea,"14,700,000.00","91,400.00","106,250.00",1.24,Indore,Madhya Pradesh,1
Joe,Anoai,2-4-97,25,romanreigns,https://www.instagram.com/romanreigns/,helena_welch@gmail.com,9960930245,$2a$12$jmId.AHqWyaLcNq.CuCDqe232wMdDMoD8TIS5tF5bk3DdwfRerTea,"5,800,000.00","208,300.00","271,000.00",7.18,Indore,Madhya Pradesh,1
Jennifer,Winget,13-6-01,21,jenniferwinget1,https://www.instagram.com/jenniferwinget1/,ava_feest@hotmail.com,9960930245,$2a$12$jmId.AHqWyaLcNq.CuCDqe232wMdDMoD8TIS5tF5bk3DdwfRerTea,"11,800,000.00","105,600.00","128,400.00",1.79,Indore,Madhya Pradesh,1
Mia,Malkova,11-2-01,22,mia_malkova,https://www.instagram.com/mia_malkova/,roscoe_mcdermott@yahoo.com,9960930245,$2a$12$jmId.AHqWyaLcNq.CuCDqe232wMdDMoD8TIS5tF5bk3DdwfRerTea,"10,600,000.00","102,050.00","142,450.00",1.93,Agra,Uttarpradesh,1
Sidhu,Moosewala,7-8-99,23,sidhu_moosewala,https://www.instagram.com/sidhu_moosewala/,maria64@yahoo.com,9960930245,$2a$12$jmId.AHqWyaLcNq.CuCDqe232wMdDMoD8TIS5tF5bk3DdwfRerTea,"6,900,000.00","185,150.00","224,300.00",5.37,Agra,Uttarpradesh,1
Ivanka,Trump,11-2-01,22,ivankatrump,https://www.instagram.com/ivankatrump/,era.hayes39@hotmail.com,9960930245,$2a$12$jmId.AHqWyaLcNq.CuCDqe232wMdDMoD8TIS5tF5bk3DdwfRerTea,"7,500,000.00","167,100.00","207,150.00",4.46,Agra,Uttarpradesh,1
Anne,Marie,11-2-01,22,annemarie,https://www.instagram.com/annemarie/,novella.powlowski@yahoo.com,9960930245,$2a$12$jmId.AHqWyaLcNq.CuCDqe232wMdDMoD8TIS5tF5bk3DdwfRerTea,"9,000,000.00","118,750.00","166,200.00",2.64,Agra,Uttarpradesh,1
Esra,Bilgiç,2-4-97,25,esbilgic,https://www.instagram.com/esbilgic/,arch_hilll@yahoo.com,9960930245,$2a$12$jmId.AHqWyaLcNq.CuCDqe232wMdDMoD8TIS5tF5bk3DdwfRerTea,"6,600,000.00","176,050.00","224,000.00",5.33,Agra,Uttarpradesh,1
Bebe,Rexha,13-6-01,21,beberexha,https://www.instagram.com/beberexha/,janie24@gmail.com,9960930245,$2a$12$jmId.AHqWyaLcNq.CuCDqe232wMdDMoD8TIS5tF5bk3DdwfRerTea,"10,800,000.00","85,400.00","126,050.00",1.58,Agra,Uttarpradesh,1
Arman,Malik,11-2-01,22,armaanmalik,https://www.instagram.com/armaanmalik/,margot_rempel@hotmail.com,9960930245,$2a$12$jmId.AHqWyaLcNq.CuCDqe232wMdDMoD8TIS5tF5bk3DdwfRerTea,"11,400,000.00","103,600.00","119,800.00",1.82,Agra,Uttarpradesh,1
Shruti,Haasan,7-8-99,23,shrutzhaasan,https://www.instagram.com/shrutzhaasan/,minnie.kunde44@yahoo.com,9960930245,$2a$12$jmId.AHqWyaLcNq.CuCDqe232wMdDMoD8TIS5tF5bk3DdwfRerTea,"18,800,000.00","59,650.00","71,900.00",0.63,Agra,Uttarpradesh,1
Shivangi,Joshi,11-2-01,22,shivangijoshi18,https://www.instagram.com/shivangijoshi18/,katelin.graham27@hotmail.com,9960930245,$2a$12$jmId.AHqWyaLcNq.CuCDqe232wMdDMoD8TIS5tF5bk3DdwfRerTea,"6,000,000.00","187,750.00","225,900.00",6.26,Shrinagar,Kashmir,1
Nivetha,Thomas,11-2-01,22,i_nivethathomas,https://www.instagram.com/i_nivethathomas/,jennie_sanford81@gmail.com,9960930245,$2a$12$jmId.AHqWyaLcNq.CuCDqe232wMdDMoD8TIS5tF5bk3DdwfRerTea,"5,700,000.00","202,250.00","228,750.00",7.10,Shrinagar,Kashmir,1
Suriya,Sivakumar,2-4-97,25,actorsuriya,https://www.instagram.com/actorsuriya/,raina71@yahoo.com,9960930245,$2a$12$jmId.AHqWyaLcNq.CuCDqe232wMdDMoD8TIS5tF5bk3DdwfRerTea,"4,000,000.00","253,150.00","328,800.00",12.66,Shrinagar,Kashmir,1
Divyanka,Tripathi,13-6-01,21,divyankatripathidahiya,https://www.instagram.com/divyankatripathidahiya/,marie87@yahoo.com,9960930245,$2a$12$jmId.AHqWyaLcNq.CuCDqe232wMdDMoD8TIS5tF5bk3DdwfRerTea,"18,500,000.00","60,300.00","69,200.00",0.65,Shrinagar,Kashmir,1
Ravindrasinh,jadeja,11-2-01,22,ravindra.jadeja,https://www.instagram.com/ravindra.jadeja/,cydney.walter@hotmail.com,9960930245,$2a$12$jmId.AHqWyaLcNq.CuCDqe232wMdDMoD8TIS5tF5bk3DdwfRerTea,"4,200,000.00","242,400.00","298,400.00",11.54,Shrinagar,Kashmir,1
Rishabh,Pant,7-8-99,23,rishabpant,https://www.instagram.com/rishabpant/,taya_haag@gmail.com,9960930245,$2a$12$jmId.AHqWyaLcNq.CuCDqe232wMdDMoD8TIS5tF5bk3DdwfRerTea,"5,700,000.00","182,650.00","216,900.00",6.41,Shrinagar,Kashmir,1
Sahil,Khan,11-2-01,22,sahilkhan,https://www.instagram.com/sahilkhan/,cornell.corwin96@gmail.com,9960930245,$2a$12$jmId.AHqWyaLcNq.CuCDqe232wMdDMoD8TIS5tF5bk3DdwfRerTea,"10,100,000.00","88,250.00","119,900.00",1.75,Shrinagar,Kashmir,1
Shakti,Mohan,11-2-01,22,mohanshakti,https://www.instagram.com/mohanshakti/,keara_predovic@gmail.com,9960930245,$2a$12$jmId.AHqWyaLcNq.CuCDqe232wMdDMoD8TIS5tF5bk3DdwfRerTea,"13,700,000.00","73,200.00","87,750.00",1.07,Shrinagar,Kashmir,1